Model_Path,History_Path,Accuracy,Precision,Recall,ROC_AUC
models/baseline_model_1692608173.keras,models/trained_baseline_model_1692608173.pkl,0.36666666666666664,0.4735449735449735,0.3666666666666667,0.5208333333333334
models/xception_model_1692608291.keras,models/trained_xception_model_1692608291.pkl,0.5,0.5025889143536202,0.5,0.6604166666666667
models/vgg16_model_1692614235.keras,models/trained_vgg16_model_1692614235.pkl,0.5166666666666667,0.5190476190476191,0.5166666666666667,0.6508333333333334
models/resnet50_model_1692615433.keras,models/trained_resnet50_model_1692615433.pkl,0.6166666666666667,0.6342490842490842,0.6166666666666666,0.8191666666666667